id,uid,pwd,session,nickname,is_show,last_time
1,123456,123456,ea48576f30be,Alex,1,2026-08-03 10:02:19
4,356787,IAFQ1Yn1,2c901c1fd19f,Dana,1,2026-08-16 22:29:37
5,133326,BdIyi83X,311c15c84385,Ellis,1,2026-06-14 18:23:19
6,542417,g9XIe79O,32cc87ea285a,Finn,1,2026-06-14 12:41:42
7,770487,FXBUDj1B,daa80e9c7f8e,Gray,1,2026-06-14 05:09:35
8,334053,QMdOC0Jp,2d5cf069da80,Harper,1,2026-06-13 17:33:48
9,671858,J7urCUVn,0bf0791685c9,Indie,1,2026-06-12 01:07:40
10,246316,NeTscGbU,a782d9ecd240,Jordan,1,2026-06-11 18:42:12
11,877572,wiYVZsBf,3c4b06d1a737,Kai,0,2026-08-09 19:49:49
12,131244,cXuNHCYf,433c5f6e9965,Logan,0,2026-06-07 00:54:13
13,216739,l4QukqVL,ad0bc09b9a07,Morgan,0,2026-06-04 15:01:55
14,207473,es9k5wJL,e440df8c650f,Noah,0,2026-06-02 12:56:34
15,329258,sbCbWalJ,c0c2a8e96e8d,Olive,0,2026-05-31 13:02:37
16,719176,FRG2dhwh,c1cd1591ec1e,Parker,0,2026-05-30 19:44:54
17,126225,3Nhsdpgc,df350b62321d,Quinn,0,2026-05-30 04:21:22
18,809570,YN2U80wz,f30bdf699043,Riley,0,2026-05-29 07:13:29
19,388389,1G6ZPxNF,de8d5a625f0c,Sage,0,2026-05-25 20:58:45
20,191161,kNrjvBWH,04b1ffa990ed,Taylor,0,2026-05-25 10:11:24
21,user1,Z3nv1nG8,3c8b997f752a,Casey,1,2026-08-17 14:53:52
22,user2,55lLTejN,06c3b424df78,Jamie,0,2026-08-17 14:53:52
23,user3,kiFBLRSF,8ce474080863,Avery,1,2026-08-17 14:53:52
24,user4,y3VB3qiF,c34c94df0007,Skyler,0,2026-08-17 14:53:52
25,user5,bFopWjDq,ff51ffa7b10b,Reese,1,2026-08-17 14:53:52
26,user6,Q6KMpd2X,bc2af00345d9,Cameron,0,2026-08-17 14:53:52
27,user7,FQOylnAA,4365f5bcb401,Hayden,1,2026-08-17 14:53:52
28,user8,vzc6wKOW,9b1902575322,River,0,2026-08-17 14:53:52
29,user9,NiBI8BLA,45d3af9474cd,Rowan,1,2026-08-17 14:53:52
30,user10,Om1a2Qkf,9b311b35ae81,Blake,0,2026-08-17 14:53:52
31,user11,im89Z8dT,7d2f1301bcbb,Usermurt,1,2026-08-17 14:53:52
32,user12,8oqoaSEk,99d789493e67,Usersvcq,0,2026-08-17 14:53:52
33,user13,bK3hhHN3,cf14da1f5222,Userpajg,1,2026-08-17 14:53:52
34,user14,FBHaWXGA,517c9df5e556,Userudac,0,2026-08-17 14:53:52
35,user15,Kxcx3sKS,418249e908dd,Userlcej,1,2026-08-17 14:53:52
36,user16,o5kWHYKS,2582a3880e67,Userxbbx,0,2026-08-17 14:53:52
37,user17,IZFCozeq,3c606c6daecf,Userespr,1,2026-08-17 14:53:52
38,user18,a7mr8QDZ,ea7829f1dd1f,Usertucu,0,2026-08-17 14:53:52
39,user19,4SURJVvh,247797e0cc56,Userlfmm,1,2026-08-17 14:53:52
40,user20,UzmEgfFI,ad8a6c14e909,Userckxr,0,2026-08-17 14:53:52
41,user21,VgloqQo8,8cd54d6d5e80,Userbudg,1,2026-08-17 14:53:52
42,user22,Q2P51yOh,ba46b7e27b13,Userfzpf,0,2026-08-17 14:53:52
43,user23,eH0Sntrs,939fc0075f5b,Userpdjw,1,2026-08-17 14:53:52
44,user24,Zw44QyOi,aa125c362865,Userydka,0,2026-08-17 14:53:52
45,user25,HTuzNlTo,ac7468d924d3,Userlgib,1,2026-08-17 14:53:52
46,user26,9oqGPmJ1,aae86290b463,Usercfeo,0,2026-08-17 14:53:52
47,user27,6d9SprbX,84cf5cd5e53e,Userzrjd,1,2026-08-17 14:53:52
48,user28,8OwnXjzn,6f7c9d1bab5a,Useroezs,0,2026-08-17 14:53:52
49,user29,nnr7jEgU,f2b81b52dc40,Userprfv,1,2026-08-17 14:53:52
50,user30,HRMCFUP2,a4a6221b040c,Userocxy,0,2026-08-17 14:53:52
51,user31,YIdXj5O5,eab278bcd916,Useryllx,1,2026-08-17 14:53:52
52,user32,5B91lSIn,10e672ffbd7e,Userzifb,0,2026-08-17 14:53:52
53,user33,eaZapteA,bd853c8e14d5,Userbbde,1,2026-08-17 14:53:52
54,user34,zx3UvcDC,59d6ceda0fa7,Uservpic,0,2026-08-17 14:53:52
55,user35,ILaB22a8,34d6feceaa48,Usergwhl,1,2026-08-17 14:53:52
56,user36,IPtWY0wI,214313001067,Uservfbo,0,2026-08-17 14:53:52
57,user37,hYbqFcLE,507562e0531f,Userzlkk,1,2026-08-17 14:53:52
58,user38,ye1zT6eE,5e83a48825b0,Userpobs,0,2026-08-17 14:53:52
59,user39,ZIA7EYfg,3c58ef0e8ec8,Userhxgv,1,2026-08-17 14:53:52
60,user40,TQAjvXoN,040cf6dee944,Userxyqv,0,2026-08-17 14:53:52
61,user41,kVm6QPK4,806719eeaaf5,Userqeod,1,2026-08-17 14:53:52
62,user42,qn3kgGAB,bc53fd62076e,Userkidr,0,2026-08-17 14:53:52
63,user43,XizcxuhY,081bf5af12ef,Userwqrg,1,2026-08-17 14:53:52
64,user44,CsawNtFa,e01d922494d5,Usermxse,0,2026-08-17 14:53:52
65,user45,zYXBpFki,124365c25d01,Userecmj,1,2026-08-17 14:53:52
66,user46,hqHg6k9V,d2eec67cba6a,Usergeoa,0,2026-08-17 14:53:52
67,user47,XQ19m3vL,04f8c2387af7,Userlmqn,1,2026-08-17 14:53:52
68,user48,w33BAXp1,7c28821b5a3f,Userxmfi,0,2026-08-17 14:53:52
69,user49,ZzaosYcc,034abcd84b68,Usergrrf,1,2026-08-17 14:53:52
70,user50,Irf9amre,d3df6b34028f,Useriwxe,0,2026-08-17 14:53:52
71,user51,o4jCwqTS,b95b91ab9460,Userkguq,1,2026-08-17 14:53:52
72,user52,mUHw7WFi,ea6d43784a74,Userrfec,0,2026-08-17 14:53:52
73,user53,MkasqSNp,69d376dfc535,Usergrfi,1,2026-08-17 14:53:52
74,user54,oOJODbk7,f56d46180357,Useroynt,0,2026-08-17 14:53:52
75,user55,N6DoMUV6,5fa334dbe913,Usersklp,1,2026-08-17 14:53:52
76,user56,StQM5slK,66780d49fc75,Userpvan,0,2026-08-17 14:53:52
77,user57,txhU8QHs,ffd09bd83a11,Userxtbz,1,2026-08-17 14:53:52
78,user58,9tiEGQPe,34894b195a07,Userbjhp,0,2026-08-17 14:53:52
79,user59,alRZwzpW,e58802eaf839,Useriidd,1,2026-08-17 14:53:52
80,user60,QF1KMTHu,8636118cff26,Usergmkh,0,2026-08-17 14:53:52
81,user61,SUF5YWs4,e38ab89aafac,Userkvci,1,2026-08-17 14:53:52
82,user62,1L6UQaLE,9ea07693d574,Usertzke,0,2026-08-17 14:53:52
83,user63,ZPHBVc99,f7720d0a90f5,Usercutl,1,2026-08-17 14:53:52
84,user64,pUz9fq8o,2bf57a5b1441,Userutgh,0,2026-08-17 14:53:52
85,user65,cDggbfAW,0a9dfb7434bc,Useralej,1,2026-08-17 14:53:52
86,user66,XY5qoBES,b6b7a0cf7adc,Userzkyb,0,2026-08-17 14:53:52
87,user67,DMNw3ZGT,640c7cb10bd1,Userehee,1,2026-08-17 14:53:52
88,user68,dXYfby5T,e9aba924543a,Userhpbv,0,2026-08-17 14:53:52
89,user69,zKIqpHk2,f65d91919722,Useruzgh,1,2026-08-17 14:53:52
90,user70,GVSi40kX,f55b75054201,Useryurr,0,2026-08-17 14:53:52
91,user71,RVSFofsv,53cf392e150a,Userzgto,1,2026-08-17 14:53:52
92,user72,xb7CUyuz,633754fa913c,Userzctg,0,2026-08-17 14:53:52
93,user73,wS9sbB4L,c759fb6bd3c6,Usersjpv,1,2026-08-17 14:53:52
94,user74,AKZWhy2K,d2107fa813f6,Userjnfv,0,2026-08-17 14:53:52
95,user75,qmgV9zxc,75f381a60cdd,Userakwe,1,2026-08-17 14:53:52
96,user76,Y8ZCA2Mp,a5b481c75429,Userqhnk,0,2026-08-17 14:53:52
97,user77,j968TX62,793b708a02c8,Userwgqj,1,2026-08-17 14:53:52
98,user78,vuFaV24q,6de3bc504689,Userbftt,0,2026-08-17 14:53:52
99,user79,xfq0hmmi,d8940335be2e,Usersjub,1,2026-08-17 14:53:52
100,user80,0TZCgS17,14a892c15b52,Usergyhj,0,2026-08-17 14:53:52
101,user81,CzwaALZK,253a9b40ed57,Usernxaj,1,2026-08-17 14:53:52
102,user82,vgWxX65d,4c0ce02afa64,Userwyqr,0,2026-08-17 14:53:52
103,user83,evZ4K6NI,e55732010162,Userlhqd,1,2026-08-17 14:53:52
104,user84,tlaPVp5A,d45df9360830,Userhzmq,0,2026-08-17 14:53:52
105,user85,aQgPhobH,a8d8311431bb,Userxlkn,1,2026-08-17 14:53:52
106,user86,Mkf9sORd,8c524f0493f7,Userwlji,0,2026-08-17 14:53:52
107,user87,lndUF5Nz,2e55ece77788,Userfoid,1,2026-08-17 14:53:52
108,user88,mDv1QLkH,0efdf13b385c,Usermmtj,0,2026-08-17 14:53:52
109,user89,CWZRIXj9,c9f75f7bbeaf,Userqavc,1,2026-08-17 14:53:52
110,user90,H6iHiUkI,9f9d0a30d538,Usergwwc,0,2026-08-17 14:53:52
111,user91,JZNzMN4H,75473e4d9f13,Usercili,1,2026-08-17 14:53:52
112,user92,ub6e1Zjc,fe2f26858690,Userulid,0,2026-08-17 14:53:52
113,user93,6oT5Muez,b4371928769f,Userazkz,1,2026-08-17 14:53:52
114,user94,4LRrfTM6,26db84112064,Useryxsg,0,2026-08-17 14:53:52
115,user95,RFjd3rHO,7f66c2ce5137,Userqjcr,1,2026-08-17 14:53:52
116,user96,PDJy6WQo,93588b67f2ec,Userhmmn,0,2026-08-17 14:53:52
117,user97,cDGAAUN3,0377ed9bc06b,Userozve,1,2026-08-17 14:53:52
118,user98,XligIwbo,e47b62546048,Usertrxp,0,2026-08-17 14:53:52
119,user99,ZHdWUjTY,ea241e54034e,Userdhyq,1,2026-08-17 18:01:29
120,user100,HBP2LUuC,c8172f415afe,Userslms,0,2026-08-17 15:01:02
